COG	Exclusive_yes	Exclusive_no	Absent_yes	Absent_no	odds_ratio	p_value	FDR
A	0	194	0	220	inf	1	1
B	0	194	1	219	0	1	1
C	10	184	6	214	1.93840579710145	0.213905973212357	1
D	6	188	6	214	1.13829787234043	1	1
E	7	187	8	212	0.991978609625668	1	1
F	2	192	3	217	0.753472222222222	1	1
G	10	184	7	213	1.65372670807453	0.332682549124087	1
H	3	191	3	217	1.13612565445026	1	1
I	1	193	4	216	0.27979274611399	0.37693062714777	1
J	4	190	12	208	0.364912280701754	0.122857950515218	1
K	19	175	27	193	0.776084656084656	0.438430230886308	1
L	27	167	24	196	1.32035928143713	0.371868359844669	1
M	15	179	18	202	0.940409683426443	1	1
N	6	188	11	209	0.606382978723404	0.457820933050378	1
O	4	190	3	217	1.52280701754386	0.71049599468908	1
P	6	188	6	214	1.13829787234043	1	1
Q	7	187	4	216	2.02139037433155	0.360757602451255	1
R	0	194	0	220	inf	1	1
S	49	145	67	153	0.771693257848688	0.273071735949345	1
T	5	189	6	214	0.943562610229277	1	1
U	13	181	19	201	0.759813899389357	0.580770526847026	1
V	11	183	3	217	4.34790528233151	0.025864809406642	0.672485044572693
W	0	194	0	220	inf	1	1
X	0	194	0	220	inf	1	1
Y	0	194	0	220	inf	1	1
Z	0	194	0	220	inf	1	1
