COG	Presente_Exclusivos	Total_Exclusivos	Presente_Ausentes	Total_Ausentes	odds_ratio	p_value	FDR
A	0	485	0	612	Inf	1	1
B	0	485	1	612	0	1	1
C	10	485	6	612	2.12487478907512	0.203604180882588	1
D	6	485	6	612	1.26485440306036	0.773797518184126	1
E	7	485	8	612	1.10554590680649	1	1
F	2	485	3	612	0.84071153528276	1	1
G	10	485	7	612	1.81851869097827	0.230514132333918	1
H	3	485	3	612	1.26320626716431	1	1
I	1	485	4	612	0.314341032215886	0.390559783302474	1
J	4	485	12	612	0.416110563851072	0.135269862682389	1
K	19	485	27	612	0.883518477113353	0.762481469252954	1
L	27	485	24	612	1.44381327941993	0.24784446683355	1
M	15	485	19	612	0.996084122529183	1	1
N	6	485	11	612	0.684610879913591	0.623956638266837	1
O	4	485	3	612	1.68730985818097	0.706082218046443	1
P	6	485	6	612	1.26485440306036	0.773797518184126	1
Q	7	485	4	612	2.22434214212365	0.2301889067244	1
R	0	485	0	612	Inf	1	1
S	49	485	67	612	0.914281220485401	0.693067325244164	1
T	5	485	6	612	1.05206721040093	1	1
U	13	485	19	612	0.859730343529982	0.721304808824719	1
V	11	485	4	612	3.52355750630229	0.0332509396236524	0.864524430214963
W	0	485	0	612	Inf	1	1
X	0	485	0	612	Inf	1	1
Y	0	485	0	612	Inf	1	1
Z	0	485	0	612	Inf	1	1
