cepa	gen	familia	locus_pirate	contig
15_CESAIBC	pirA	g07679	15_CESAIBC_04690	gnl|Prokka|JNOILPDC_30
15_CESAIBC	pirB	g05919	15_CESAIBC_04691	gnl|Prokka|JNOILPDC_30
15_CESAIBC	g07720	g07720	15_CESAIBC_04687	gnl|Prokka|JNOILPDC_29
15_CESAIBC	g06662	g06662	15_CESAIBC_04688	gnl|Prokka|JNOILPDC_29
15_CESAIBC	g07221	g07221	15_CESAIBC_04689	gnl|Prokka|JNOILPDC_29
T13P	pirA	g07679	T13P_04949	NZ_JAWJYF010000060.1
T13P	pirB	g05919	T13P_04948	NZ_JAWJYF010000060.1
T13P	g07720	g07720	T13P_04952	NZ_JAWJYF010000061.1
T13P	g06662	g06662	T13P_04951	NZ_JAWJYF010000061.1
T13P	g07221	g07221	T13P_04950	NZ_JAWJYF010000061.1
CGVP22	pirA	g07679	CGVP22_01021	gnl|Prokka|BHMMLBGB_2
CGVP22	pirB	g05919	CGVP22_01020	gnl|Prokka|BHMMLBGB_2
CGVP22	g07720	g07720	CGVP22_01024	gnl|Prokka|BHMMLBGB_2
CGVP22	g06662	g06662	CGVP22_01023	gnl|Prokka|BHMMLBGB_2
CGVP22	g07221	g07221	CGVP22_01022	gnl|Prokka|BHMMLBGB_2
L2181	pirA	g07679	L2181_04740	gnl|Prokka|HFAIBNBF_2
L2181	pirB	g05919	L2181_04741	gnl|Prokka|HFAIBNBF_2
L2181	g07720	g07720	L2181_04737	gnl|Prokka|HFAIBNBF_2
L2181	g06662	g06662	L2181_04738	gnl|Prokka|HFAIBNBF_2
L2181	g07221	g07221	L2181_04739	gnl|Prokka|HFAIBNBF_2
13028_A3	pirA	g07679	13028_A3_04669	gnl|Prokka|HPAHBGAN_2
13028_A3	pirB	g05919	13028_A3_04670	gnl|Prokka|HPAHBGAN_2
13028_A3	g07720	g07720	13028_A3_04745	gnl|Prokka|HPAHBGAN_2
13028_A3	g06662	g06662	13028_A3_04746	gnl|Prokka|HPAHBGAN_2
13028_A3	g07221	g07221	13028_A3_04747	gnl|Prokka|HPAHBGAN_2
CGVP3	pirA	g07679	CGVP3_01216	gnl|Prokka|FJPKNJFK_3
CGVP3	pirB	g05919	CGVP3_01215	gnl|Prokka|FJPKNJFK_3
CGVP3	g07720	g07720	CGVP3_01219	gnl|Prokka|FJPKNJFK_3
CGVP3	g06662	g06662	CGVP3_01218	gnl|Prokka|FJPKNJFK_3
CGVP3	g07221	g07221	CGVP3_01217	gnl|Prokka|FJPKNJFK_3
CGVP8	pirA	g07679	CGVP8_04486	gnl|Prokka|MDGHFFKG_55
CGVP8	pirB	g05919	CGVP8_04485	gnl|Prokka|MDGHFFKG_55
CGVP8	g07720	g07720	CGVP8_04489	gnl|Prokka|MDGHFFKG_55
CGVP8	g06662	g06662	CGVP8_04488	gnl|Prokka|MDGHFFKG_55
CGVP8	g07221	g07221	CGVP8_04487	gnl|Prokka|MDGHFFKG_55
L2171	pirA	g07679	L2171_04842	NA
L2171	pirB	g05919	L2171_04843	NA
L2171	g07720	g07720	L2171_04839	NA
L2171	g06662	g06662	L2171_04840	NA
L2171	g07221	g07221	L2171_04841	NA
