seq_id	start	end	strand	gene_id	bin_id
15_CESAIBC__JNOILPDC_29	2000	2710	-1	g07720	15_CESAIBC
15_CESAIBC__JNOILPDC_29	2859	3851	-1	g06662	15_CESAIBC
15_CESAIBC__JNOILPDC_29	4617	5327	-1	g07221	15_CESAIBC
15_CESAIBC__JNOILPDC_30	181	1179	-1	pirA	15_CESAIBC
15_CESAIBC__JNOILPDC_30	1317	1742	-1	pirB	15_CESAIBC
13028_A3__HPAHBGAN_2	2000	3823	1	pirA	13028_A3
13028_A3__HPAHBGAN_2	3820	4785	1	pirB	13028_A3
13028_A3__HPAHBGAN_2	91338	91757	1	g07720	13028_A3
13028_A3__HPAHBGAN_2	91768	92226	1	g06662	13028_A3
13028_A3__HPAHBGAN_2	92255	95563	1	g07221	13028_A3
CGVP22__BHMMLBGB_2	2000	2518	-1	pirB	CGVP22
CGVP22__BHMMLBGB_2	2978	4429	1	pirA	CGVP22
CGVP22__BHMMLBGB_2	4605	5912	1	g07221	CGVP22
CGVP22__BHMMLBGB_2	6073	7914	1	g06662	CGVP22
CGVP22__BHMMLBGB_2	8109	8738	1	g07720	CGVP22
CGVP3__FJPKNJFK_3	2000	2962	1	pirB	CGVP3
CGVP3__FJPKNJFK_3	2962	3432	1	pirA	CGVP3
CGVP3__FJPKNJFK_3	3560	5353	1	g07221	CGVP3
CGVP3__FJPKNJFK_3	5457	6356	1	g06662	CGVP3
CGVP3__FJPKNJFK_3	6377	7054	1	g07720	CGVP3
CGVP8__MDGHFFKG_55	2000	3073	-1	pirB	CGVP8
CGVP8__MDGHFFKG_55	3281	4264	-1	pirA	CGVP8
CGVP8__MDGHFFKG_55	4364	5476	1	g07221	CGVP8
CGVP8__MDGHFFKG_55	5513	6439	1	g06662	CGVP8
CGVP8__MDGHFFKG_55	6519	6851	-1	g07720	CGVP8
L2171__CP176034	2000	2206	1	g07720	L2171
L2171__CP176034	2208	2684	1	g06662	L2171
L2171__CP176034	2684	2839	1	g07221	L2171
L2171__CP176034	2978	3313	1	pirA	L2171
L2171__CP176034	3326	4642	1	pirB	L2171
L2181__HFAIBNBF_2	2000	2482	-1	g07720	L2181
L2181__HFAIBNBF_2	2712	3707	1	g06662	L2181
L2181__HFAIBNBF_2	3791	4147	1	g07221	L2181
L2181__HFAIBNBF_3	2000	2335	1	pirA	L2181
L2181__HFAIBNBF_3	2348	3664	1	pirB	L2181
