g00600	8	0	0	11	inf	1.323066e-05
g03456	8	0	0	11	inf	1.323066e-05
g07301	8	0	0	11	inf	1.323066e-05
g04630	8	0	0	11	inf	1.323066e-05
g04552	8	0	1	10	inf	1.190760e-04
g00757	8	0	1	10	inf	1.190760e-04
g00766	8	0	1	10	inf	1.190760e-04
g01340	8	0	1	10	inf	1.190760e-04
g07589	8	0	1	10	inf	1.190760e-04
g07730	8	0	1	10	inf	1.190760e-04
g08016	8	0	1	10	inf	1.190760e-04
g07551	8	0	1	10	inf	1.190760e-04
g05974	8	0	1	10	inf	1.190760e-04
g06165	8	0	1	10	inf	1.190760e-04
g04804	8	0	1	10	inf	1.190760e-04
g07880	8	0	2	9	inf	7.144558e-04
g07715	6	2	0	11	inf	1.031992e-03
g01677	8	0	3	8	inf	3.360588e-03
g02576	8	0	3	8	inf	3.360588e-03
g00523	8	0	3	8	inf	3.360588e-03
g00576	8	0	3	8	inf	3.360588e-03
g04083	8	0	3	8	inf	3.360588e-03
g02723	8	0	3	8	inf	3.360588e-03
g05099	8	0	3	8	inf	3.360588e-03
g07127	8	0	3	8	inf	3.360588e-03
g07081	8	0	3	8	inf	3.360588e-03
g05402	8	0	3	8	inf	3.360588e-03
g08452	8	0	3	8	inf	3.360588e-03
g06197	8	0	3	8	inf	3.360588e-03
g06121	8	0	3	8	inf	3.360588e-03
g05807	8	0	3	8	inf	3.360588e-03
g05949	8	0	3	8	inf	3.360588e-03
g09476	8	0	3	8	inf	3.360588e-03
g07170	8	0	3	8	inf	3.360588e-03
g05746	8	0	3	8	inf	3.360588e-03
g07051	5	3	0	11	inf	4.815961e-03
g08653	5	3	0	11	inf	4.815961e-03
g01597	8	0	4	7	inf	1.282051e-02
g04157	8	0	4	7	inf	1.282051e-02
g01187	8	0	4	7	inf	1.282051e-02
g01137	8	0	4	7	inf	1.282051e-02
g01872	8	0	4	7	inf	1.282051e-02
g02067	8	0	4	7	inf	1.282051e-02
g02716	8	0	4	7	inf	1.282051e-02
g03830	8	0	4	7	inf	1.282051e-02
g05490	8	0	4	7	inf	1.282051e-02
g04583	8	0	4	7	inf	1.282051e-02
g05131	8	0	4	7	inf	1.282051e-02
g05394	8	0	4	7	inf	1.282051e-02
g06798	8	0	4	7	inf	1.282051e-02
g07929	8	0	4	7	inf	1.282051e-02
g03371	4	4	0	11	inf	1.805986e-02
g03727	4	4	0	11	inf	1.805986e-02
g00552	4	4	0	11	inf	1.805986e-02
g04056	4	4	0	11	inf	1.805986e-02
g01396	4	4	0	11	inf	1.805986e-02
g03670	4	4	0	11	inf	1.805986e-02
g00047	4	4	0	11	inf	1.805986e-02
g01974	4	4	0	11	inf	1.805986e-02
g00144	4	4	0	11	inf	1.805986e-02
g02026	4	4	0	11	inf	1.805986e-02
g04826	4	4	0	11	inf	1.805986e-02
g08939	4	4	0	11	inf	1.805986e-02
g07938	4	4	0	11	inf	1.805986e-02
g07755	4	4	0	11	inf	1.805986e-02
g05992	4	4	0	11	inf	1.805986e-02
g07008	4	4	0	11	inf	1.805986e-02
g05172	4	4	0	11	inf	1.805986e-02
g04955	4	4	0	11	inf	1.805986e-02
g00750	8	0	5	6	inf	1.805986e-02
g00656	8	0	5	6	inf	1.805986e-02
g02728	8	0	5	6	inf	1.805986e-02
g01298	8	0	5	6	inf	1.805986e-02
g02845	8	0	5	6	inf	1.805986e-02
g00818	8	0	5	6	inf	1.805986e-02
g01786	8	0	5	6	inf	1.805986e-02
g00984	8	0	5	6	inf	1.805986e-02
g02254	8	0	5	6	inf	1.805986e-02
g02426	8	0	5	6	inf	1.805986e-02
g02169	8	0	5	6	inf	1.805986e-02
g03272	8	0	5	6	inf	1.805986e-02
g06515	8	0	5	6	inf	1.805986e-02
g07268	8	0	5	6	inf	1.805986e-02
g04015	8	0	5	6	inf	1.805986e-02
g07026	8	0	5	6	inf	1.805986e-02
g08177	8	0	5	6	inf	1.805986e-02
g04637	8	0	5	6	inf	1.805986e-02
g05685	8	0	5	6	inf	1.805986e-02
g08945	8	0	5	6	inf	1.805986e-02
g05653	8	0	5	6	inf	1.805986e-02
g05837	8	0	5	6	inf	1.805986e-02
g06998	8	0	5	6	inf	1.805986e-02
g08488	8	0	5	6	inf	1.805986e-02
g08012	8	0	5	6	inf	1.805986e-02
g07194	8	0	5	6	inf	1.805986e-02
g00866	8	0	6	5	inf	4.454764e-02
g02456	8	0	6	5	inf	4.454764e-02
g03912	8	0	6	5	inf	4.454764e-02
g09233	8	0	6	5	inf	4.454764e-02
g04946	8	0	6	5	inf	4.454764e-02
