gene_family	present_AHPND_pos	absent_AHPND_pos	present_AHPND_neg	absent_AHPND_neg	odds_ratio	p_value	FDR
g03273	8	0	6	5	Inf	0.044547643618851	1
g03420	8	0	6	5	Inf	0.044547643618851	1
g03724	8	0	6	5	Inf	0.044547643618851	1
g03007	8	0	6	5	Inf	0.044547643618851	1
g07575	8	0	6	5	Inf	0.044547643618851	1
g03630	8	0	5	6	Inf	0.0180598555211558	1
g03660	8	0	5	6	Inf	0.0180598555211558	1
g03493	8	0	5	6	Inf	0.0180598555211558	1
g03891	8	0	5	6	Inf	0.0180598555211558	1
g03252	8	0	5	6	Inf	0.0180598555211558	1
g03365	8	0	5	6	Inf	0.0180598555211558	1
g03344	8	0	5	6	Inf	0.0180598555211558	1
g03982	8	0	5	6	Inf	0.0180598555211558	1
g03229	8	0	5	6	Inf	0.0180598555211558	1
g03128	8	0	5	6	Inf	0.0180598555211558	1
g03288	8	0	5	6	Inf	0.0180598555211558	1
g04474	8	0	5	6	Inf	0.0180598555211558	1
g03552	8	0	5	6	Inf	0.0180598555211558	1
g03442	8	0	5	6	Inf	0.0180598555211558	1
g03217	8	0	5	6	Inf	0.0180598555211558	1
g03636	8	0	5	6	Inf	0.0180598555211558	1
g03707	8	0	5	6	Inf	0.0180598555211558	1
g03093	8	0	5	6	Inf	0.0180598555211558	1
g03651	8	0	5	6	Inf	0.0180598555211558	1
g04115	8	0	5	6	Inf	0.0180598555211558	1
g05222	8	0	5	6	Inf	0.0180598555211558	1
g04182	8	0	5	6	Inf	0.0180598555211558	1
g04259	8	0	5	6	Inf	0.0180598555211558	1
g03376	8	0	5	6	Inf	0.0180598555211558	1
g03752	8	0	5	6	Inf	0.0180598555211558	1
g03758	8	0	5	6	Inf	0.0180598555211558	1
g06061	8	0	4	7	Inf	0.0128205128205128	1
g09037	8	0	4	7	Inf	0.0128205128205128	1
g05333	8	0	4	7	Inf	0.0128205128205128	1
g04110	8	0	4	7	Inf	0.0128205128205128	1
g04066	8	0	4	7	Inf	0.0128205128205128	1
g04023	8	0	4	7	Inf	0.0128205128205128	1
g03694	8	0	4	7	Inf	0.0128205128205128	1
g03975	8	0	4	7	Inf	0.0128205128205128	1
g03318	8	0	4	7	Inf	0.0128205128205128	1
g03946	8	0	4	7	Inf	0.0128205128205128	1
g04075	8	0	4	7	Inf	0.0128205128205128	1
g08404	8	0	4	7	Inf	0.0128205128205128	1
g04919	8	0	4	7	Inf	0.0128205128205128	1
g05757	8	0	4	7	Inf	0.0128205128205128	1
g07983	8	0	3	8	Inf	0.00336058849990738	0.867940100138241
g06252	8	0	3	8	Inf	0.00336058849990738	0.867940100138241
g04952	8	0	3	8	Inf	0.00336058849990738	0.867940100138241
g05019	8	0	3	8	Inf	0.00336058849990738	0.867940100138241
g04987	8	0	3	8	Inf	0.00336058849990738	0.867940100138241
g05574	8	0	3	8	Inf	0.00336058849990738	0.867940100138241
g07473	8	0	3	8	Inf	0.00336058849990738	0.867940100138241
g08207	8	0	3	8	Inf	0.00336058849990738	0.867940100138241
g06136	8	0	3	8	Inf	0.00336058849990738	0.867940100138241
g06934	8	0	3	8	Inf	0.00336058849990738	0.867940100138241
g05812	8	0	3	8	Inf	0.00336058849990738	0.867940100138241
g06647	8	0	3	8	Inf	0.00336058849990738	0.867940100138241
g09247	8	0	3	8	Inf	0.00336058849990738	0.867940100138241
g07365	8	0	3	8	Inf	0.00336058849990738	0.867940100138241
g08100	8	0	3	8	Inf	0.00336058849990738	0.867940100138241
g08663	8	0	3	8	Inf	0.00336058849990738	0.867940100138241
g05912	8	0	3	8	Inf	0.00336058849990738	0.867940100138241
g06967	8	0	3	8	Inf	0.00336058849990738	0.867940100138241
g03833	8	0	2	9	Inf	0.000714455822814956	0.426708740176232
g05919	8	0	1	10	Inf	0.000119075970469159	0.0758593315868856
g05909	8	0	1	10	Inf	0.000119075970469159	0.0758593315868856
g09134	8	0	1	10	Inf	0.000119075970469159	0.0758593315868856
g08047	8	0	1	10	Inf	0.000119075970469159	0.0758593315868856
g09492	8	0	1	10	Inf	0.000119075970469159	0.0758593315868856
g08513	8	0	1	10	Inf	0.000119075970469159	0.0758593315868856
g07762	8	0	1	10	Inf	0.000119075970469159	0.0758593315868856
g07515	8	0	1	10	Inf	0.000119075970469159	0.0758593315868856
g06476	8	0	1	10	Inf	0.000119075970469159	0.0758593315868856
g09055	8	0	1	10	Inf	0.000119075970469159	0.0758593315868856
g06523	8	0	1	10	Inf	0.000119075970469159	0.0758593315868856
g07720	8	0	0	11	Inf	1.32306633854621e-05	0.0316080548278691
g06662	8	0	0	11	Inf	1.32306633854621e-05	0.0316080548278691
g07221	8	0	0	11	Inf	1.32306633854621e-05	0.0316080548278691
g07679	8	0	0	11	Inf	1.32306633854621e-05	0.0316080548278691
g03544	0	8	8	3	0	0.00336058849990738	0.867940100138241
g06675	0	8	7	4	0	0.0128205128205128	1
g05728	0	8	7	4	0	0.0128205128205128	1
g04835	0	8	7	4	0	0.0128205128205128	1
g09028	0	8	7	4	0	0.0128205128205128	1
g04125	6	2	0	11	Inf	0.00103199174406605	0.580100770958538
g09309	0	8	6	5	0	0.0180598555211558	1
g07143	0	8	5	6	0	0.044547643618851	1
g07066	0	8	5	6	0	0.044547643618851	1
g03256	0	8	5	6	0	0.044547643618851	1
g07438	0	8	5	6	0	0.044547643618851	1
g07990	0	8	5	6	0	0.044547643618851	1
g04428	0	8	5	6	0	0.044547643618851	1
g03851	5	3	0	11	Inf	0.00481596147230823	1
g03311	0	8	5	6	0	0.044547643618851	1
g04207	5	3	0	11	Inf	0.00481596147230823	1
g05755	4	4	0	11	Inf	0.0180598555211558	1
g08069	4	4	0	11	Inf	0.0180598555211558	1
g09554	4	4	0	11	Inf	0.0180598555211558	1
g06225	4	4	0	11	Inf	0.0180598555211558	1
g07933	4	4	0	11	Inf	0.0180598555211558	1
g06648	4	4	0	11	Inf	0.0180598555211558	1
g05672	4	4	0	11	Inf	0.0180598555211558	1
g04842	4	4	0	11	Inf	0.0180598555211558	1
g05026	4	4	0	11	Inf	0.0180598555211558	1
g03766	4	4	0	11	Inf	0.0180598555211558	1
g04288	4	4	0	11	Inf	0.0180598555211558	1
g04369	4	4	0	11	Inf	0.0180598555211558	1
g04766	4	4	0	11	Inf	0.0180598555211558	1
g07619	4	4	0	11	Inf	0.0180598555211558	1
g03889	4	4	0	11	Inf	0.0180598555211558	1
g07898	4	4	0	11	Inf	0.0180598555211558	1
g04012	4	4	0	11	Inf	0.0180598555211558	1
g04111	4	4	0	11	Inf	0.0180598555211558	1
