Node	Total SNPs	Num of SNPs inside recombinations	Num of SNPs outside recombinations	Num of Recombination Blocks	Bases in Recombinations	r/m	rho/theta	Genome Length	Bases in Clonal Frame
11_VM	6	0	6	0	156542	0.000000	0.000000	3728748	3572377
13028_A3	119	119	0	1	175863	0.000000	0.000000	3727452	3557294
15_CESAIBC	26330	4478	21852	67	198405	0.204924	0.003066	3728424	3575825
6_VM	0	0	0	0	156542	0.000000	0.000000	3728790	3572419
AG1	1415	1345	70	13	218537	19.214285	0.185714	3720339	3590686
ASM19609v1	26817	3320	23497	55	138243	0.141295	0.002341	3730383	3614072
CGVP22	26168	2446	23722	42	100556	0.103111	0.001771	3729003	3642574
CGVP3	0	0	0	0	170398	0.000000	0.000000	3730356	3560072
CGVP8	0	0	0	0	170398	0.000000	0.000000	3729813	3559655
FORC_022	33111	3154	29957	56	125508	0.105284	0.001869	3725895	3611328
FORC_023	26877	3347	23530	55	137463	0.142244	0.002337	3730410	3614243
GXBH_23JK21	26281	2613	23668	43	103916	0.110402	0.001817	3727968	3641632
L2171	492	471	21	11	217827	22.428572	0.523810	3725925	3551564
L2181	231	220	11	11	217433	20.000000	1.000000	3724659	3550298
NT9	0	0	0	0	193696	0.000000	0.000000	3728253	3533991
R13	19189	2247	16942	37	188090	0.132629	0.002184	3728424	3551377
T13P	317	283	34	8	156713	8.323529	0.235294	3728219	3593814
vp18	0	0	0	0	193696	0.000000	0.000000	3728253	3533991
vp_HL_202005	0	0	0	0	129917	0.000000	0.000000	3729024	3598845
internal_22	33256	2944	30312	49	86594	0.097123	0.001617	3732549	3677431
internal_25	18603	1803	16800	36	130349	0.107321	0.002143	3730638	3616149
internal_24	27616	2437	25179	46	114662	0.096787	0.001827	3733176	3645551
internal_27	314	277	37	8	156542	7.486486	0.216216	3728790	3593836
internal_26	25660	4026	21634	54	135130	0.186096	0.002496	3731826	3644264
internal_23	10853	1159	9694	21	87709	0.119558	0.002166	3735132	3679951
internal_21	11273	1025	10248	19	55273	0.100020	0.001854	3735930	3735930
internal_32	0	0	0	0	170398	0.000000	0.000000	3730356	3560072
internal_31	26520	3379	23141	62	170545	0.146018	0.002679	3730425	3576001
internal_33	26808	3441	23367	64	174171	0.147259	0.002739	3727404	3572929
internal_30	33719	3887	29832	63	154694	0.130296	0.002112	3732927	3607666
internal_36	35150	4351	30799	72	193978	0.141271	0.002338	3728253	3551071
internal_35	29079	3096	25983	53	177344	0.119155	0.002040	3734202	3581429
internal_34	13555	2510	11045	36	152703	0.227252	0.003259	3734931	3609487
internal_29	9416	1974	7442	28	125496	0.265251	0.003762	3736665	3659402
internal_20	35265	3859	31406	64	116463	0.122875	0.002038	3733728	3656600
internal_28	10591	1794	8797	25	77295	0.203933	0.002842	3737457	3737457
internal_ROOT	0	0	0	0	0	0.000000	0.000000	3739401	3739401
