Sample,evento,HPI_N,inicio,HPI
vp15VM,1,20:00:00,08/03/24 08:00,12.00
vp15VM,1,20:00:00,08/03/24 08:00,12.00
vp15VM,1,20:00:00,08/03/24 08:00,12.00
vp15VM,1,20:00:00,08/03/24 08:00,12.00
vp15VM,1,20:00:00,08/03/24 08:00,12.00
vp15VM,1,22:00:00,08/03/24 08:00,14.00
vp15VM,1,22:00:00,08/03/24 08:00,14.00
vp15VM,1,22:00:00,08/03/24 08:00,14.00
vp15VM,1,22:00:00,08/03/24 08:00,14.00
vp15VM,1,22:00:00,08/03/24 08:00,14.00
vp15VM,1,22:00:00,08/03/24 08:00,14.00
vp15VM,1,04:30:00,08/03/24 08:00,20.50
vp15VM,1,04:30:00,08/03/24 08:00,20.50
vp15VM,1,04:30:00,08/03/24 08:00,20.50
vp15VM,1,04:30:00,08/03/24 08:00,20.50
vp15VM,1,04:30:00,08/03/24 08:00,20.50
vp15VM,1,04:30:00,08/03/24 08:00,20.50
vp15VM,1,04:30:00,08/03/24 08:00,20.50
vp15VM,1,04:30:00,08/03/24 08:00,20.50
vp15VM,1,04:30:00,08/03/24 08:00,20.50
vp15VM,1,05:20:00,08/03/24 08:00,21.33
vp15VM,1,05:20:00,08/03/24 08:00,21.33
vp15VM,1,05:20:00,08/03/24 08:00,21.33
vp15VM,1,05:20:00,08/03/24 08:00,21.33
vp15VM,1,05:20:00,08/03/24 08:00,21.33
vp15VM,1,05:20:00,08/03/24 08:00,21.33
vp15VM,1,05:20:00,08/03/24 08:00,21.33
vp15VM,1,05:20:00,08/03/24 08:00,21.33
vp15VM,1,05:20:00,08/03/24 08:00,21.33
vp15VM,1,05:20:00,08/03/24 08:00,21.33
vp15VM,1,05:20:00,08/03/24 08:00,21.33
vp15VM,1,06:40:00,08/03/24 08:00,22.67
vp15VM,1,06:40:00,08/03/24 08:00,22.67
vp15VM,1,06:40:00,08/03/24 08:00,22.67
vp15VM,1,06:40:00,08/03/24 08:00,22.67
vp15VM,1,07:10:00,08/03/24 08:00,23.17
vp15VM,1,07:10:00,08/03/24 08:00,23.17
vp15VM,1,08:40:00,08/03/24 08:00,24.67
vp15VM,1,08:40:00,08/03/24 08:00,24.67
vp15VM,1,08:40:00,08/03/24 08:00,24.67
vp15VM,1,09:10:00,08/03/24 08:00,25.17
vp15VM,1,09:10:00,08/03/24 08:00,25.17
vp15VM,1,11:30:00,08/03/24 08:00,27.50
vp15VM,1,11:30:00,08/03/24 08:00,27.50
vp15VM,1,11:30:00,08/03/24 08:00,27.50
vp15VM,1,11:30:00,08/03/24 08:00,27.50
vp15VM,1,11:30:00,08/03/24 08:00,27.50
vp15VM,1,11:30:00,08/03/24 08:00,27.50
vp15VM,1,11:30:00,08/03/24 08:00,27.50
vp15VM,1,11:30:00,08/03/24 08:00,27.50
vp15VM,1,11:30:00,08/03/24 08:00,27.50
vp15VM,1,11:30:00,08/03/24 08:00,27.50
vp15VM,1,11:30:00,08/03/24 08:00,27.50
vp15VM,1,11:30:00,08/03/24 08:00,27.50
vp15VM,1,14:00:00,08/03/24 08:00,30.00
vp15VM,1,14:00:00,08/03/24 08:00,30.00
vp15VM,1,14:00:00,08/03/24 08:00,30.00
vp15VM,1,14:00:00,08/03/24 08:00,30.00
vp15VM,1,14:00:00,08/03/24 08:00,30.00
vp15VM,1,14:00:00,08/03/24 08:00,30.00
vp15VM,1,14:00:00,08/03/24 08:00,30.00
vp15VM,1,20:10:00,08/03/24 08:00,36.17
vp15VM,1,20:10:00,08/03/24 08:00,36.17
vp15VM,1,20:10:00,08/03/24 08:00,36.17
vp15VM,1,20:10:00,08/03/24 08:00,36.17
vp15VM,1,20:10:00,08/03/24 08:00,36.17
vp15VM,1,20:10:00,08/03/24 08:00,36.17
vp15VM,1,22:50:00,08/03/24 08:00,38.83
vp15VM,1,06:00:00,08/03/24 08:00,46.00
vp15VM,1,08:00:00,08/03/24 08:00,48.00
vp15VM,1,09:30:00,08/03/24 08:00,49.50
vp15VM,1,20:00:00,08/03/24 08:00,60.00
vp15VM,1,07:00:00,08/03/24 08:00,71.00
vp15VM,1,09:33:00,08/03/24 08:00,73.55
vp15VM,1,16:00:00,08/03/24 08:00,80.00
vp15VM,1,20:00:00,08/03/24 08:00,84.00
vp15VM,1,12/03/24 06:30,08/03/24 08:00,94.50
vp15VM,1,12/03/24 11:00,08/03/24 08:00,99.00
vp15VM,1,12/03/24 17:00,08/03/24 08:00,105.00
vp15VM,1,13/03/24 08:00,08/03/24 08:00,120.00
vp15VM,0,13/03/24 08:10,08/03/24 08:00,120.17
vp15VM,0,13/03/24 10:00,08/03/24 08:00,122.00
vp15VM,0,13/03/24 10:00,08/03/24 08:00,122.00
vp15VM,0,13/03/24 10:00,08/03/24 08:00,122.00
vp15VM,0,13/03/24 10:00,08/03/24 08:00,122.00
vp15VM,0,13/03/24 10:00,08/03/24 08:00,122.00
vp15VM,0,13/03/24 10:00,08/03/24 08:00,122.00
vp15VM,0,13/03/24 10:00,08/03/24 08:00,122.00
vp15VM,0,13/03/24 10:00,08/03/24 08:00,122.00
vp15VM,0,13/03/24 10:00,08/03/24 08:00,122.00
vp11VM,1,04:30:00,08/03/24 08:00,20.50
vp11VM,1,04:30:00,08/03/24 08:00,20.50
vp11VM,1,05:20:00,08/03/24 08:00,21.33
vp11VM,1,05:20:00,08/03/24 08:00,21.33
vp11VM,1,05:20:00,08/03/24 08:00,21.33
vp11VM,1,20:10:00,08/03/24 08:00,36.17
vp11VM,1,06:00:00,08/03/24 08:00,46.00
vp11VM,1,11/03/24 16:00,08/03/24 08:00,80.00
vp11VM,1,12/03/24 06:30,08/03/24 08:00,94.50
vp11VM,1,12/03/24 17:00,08/03/24 08:00,105.00
vp11VM,1,13/03/24 08:00,08/03/24 08:00,120.00
vp11VM,1,13/03/24 08:00,08/03/24 08:00,120.00
vp11VM,0,13/03/24 10:00,08/03/24 08:00,122.00
vp11VM,0,13/03/24 10:00,08/03/24 08:00,122.00
vp11VM,0,13/03/24 10:00,08/03/24 08:00,122.00
vp11VM,0,13/03/24 10:00,08/03/24 08:00,122.00
vp11VM,0,13/03/24 10:00,08/03/24 08:00,122.00
vp11VM,0,13/03/24 10:00,08/03/24 08:00,122.00
vp11VM,0,13/03/24 10:00,08/03/24 08:00,122.00
vp11VM,0,13/03/24 10:00,08/03/24 08:00,122.00
vp11VM,0,13/03/24 10:00,08/03/24 08:00,122.00
vp11VM,0,13/03/24 10:00,08/03/24 08:00,122.00
vp11VM,0,13/03/24 10:00,08/03/24 08:00,122.00
vp11VM,0,13/03/24 10:00,08/03/24 08:00,122.00
vp11VM,0,13/03/24 10:00,08/03/24 08:00,122.00
vp11VM,0,13/03/24 10:00,08/03/24 08:00,122.00
vp11VM,0,13/03/24 10:00,08/03/24 08:00,122.00
vp11VM,0,13/03/24 10:00,08/03/24 08:00,122.00
vp11VM,0,13/03/24 10:00,08/03/24 08:00,122.00
vp11VM,0,13/03/24 10:00,08/03/24 08:00,122.00
vp11VM,0,13/03/24 10:00,08/03/24 08:00,122.00
vp11VM,0,13/03/24 10:00,08/03/24 08:00,122.00
vp11VM,0,13/03/24 10:00,08/03/24 08:00,122.00
vp11VM,0,13/03/24 10:00,08/03/24 08:00,122.00
vp11VM,0,13/03/24 10:00,08/03/24 08:00,122.00
vp11VM,0,13/03/24 10:00,08/03/24 08:00,122.00
vp11VM,0,13/03/24 10:00,08/03/24 08:00,122.00
vp11VM,0,13/03/24 10:00,08/03/24 08:00,122.00
vp11VM,0,13/03/24 10:00,08/03/24 08:00,122.00
vp11VM,0,13/03/24 10:00,08/03/24 08:00,122.00
vp11VM,0,13/03/24 10:00,08/03/24 08:00,122.00
vp11VM,0,13/03/24 10:00,08/03/24 08:00,122.00
vp11VM,0,13/03/24 10:00,08/03/24 08:00,122.00
vp11VM,0,13/03/24 10:00,08/03/24 08:00,122.00
vp11VM,0,13/03/24 10:00,08/03/24 08:00,122.00
vp11VM,0,13/03/24 10:00,08/03/24 08:00,122.00
vp11VM,0,13/03/24 10:00,08/03/24 08:00,122.00
vp11VM,0,13/03/24 10:00,08/03/24 08:00,122.00
vp11VM,0,13/03/24 10:00,08/03/24 08:00,122.00
vp11VM,0,13/03/24 10:00,08/03/24 08:00,122.00
vp11VM,0,13/03/24 10:00,08/03/24 08:00,122.00
vp11VM,0,13/03/24 10:00,08/03/24 08:00,122.00
vp11VM,0,13/03/24 10:00,08/03/24 08:00,122.00
vp11VM,0,13/03/24 10:00,08/03/24 08:00,122.00
vp11VM,0,13/03/24 10:00,08/03/24 08:00,122.00
vp11VM,0,13/03/24 10:00,08/03/24 08:00,122.00
vp11VM,0,13/03/24 10:00,08/03/24 08:00,122.00
vp11VM,0,13/03/24 10:00,08/03/24 08:00,122.00
vp11VM,0,13/03/24 10:00,08/03/24 08:00,122.00
vp11VM,0,13/03/24 10:00,08/03/24 08:00,122.00
vp11VM,0,13/03/24 10:00,08/03/24 08:00,122.00
vp11VM,0,13/03/24 10:00,08/03/24 08:00,122.00
vp11VM,0,13/03/24 10:00,08/03/24 08:00,122.00
vp11VM,0,13/03/24 10:00,08/03/24 08:00,122.00
vp11VM,0,13/03/24 10:00,08/03/24 08:00,122.00
vp11VM,0,13/03/24 10:00,08/03/24 08:00,122.00
vp11VM,0,13/03/24 10:00,08/03/24 08:00,122.00
vp11VM,0,13/03/24 10:00,08/03/24 08:00,122.00
vp11VM,0,13/03/24 10:00,08/03/24 08:00,122.00
vp11VM,0,13/03/24 10:00,08/03/24 08:00,122.00
vp11VM,0,13/03/24 10:00,08/03/24 08:00,122.00
vp11VM,0,13/03/24 10:00,08/03/24 08:00,122.00
vp11VM,0,13/03/24 10:00,08/03/24 08:00,122.00
vp11VM,0,13/03/24 10:00,08/03/24 08:00,122.00
vp11VM,0,13/03/24 10:00,08/03/24 08:00,122.00
vp11VM,0,13/03/24 10:00,08/03/24 08:00,122.00
vp11VM,0,13/03/24 10:00,08/03/24 08:00,122.00
vp11VM,0,13/03/24 10:00,08/03/24 08:00,122.00
vp11VM,0,13/03/24 10:00,08/03/24 08:00,122.00
vp11VM,0,13/03/24 10:00,08/03/24 08:00,122.00
vp11VM,0,13/03/24 10:00,08/03/24 08:00,122.00
vp11VM,0,13/03/24 10:00,08/03/24 08:00,122.00
vp11VM,0,13/03/24 10:00,08/03/24 08:00,122.00
vp11VM,0,13/03/24 10:00,08/03/24 08:00,122.00
vp11VM,0,13/03/24 10:00,08/03/24 08:00,122.00
vp11VM,0,13/03/24 10:00,08/03/24 08:00,122.00
vp11VM,0,13/03/24 10:00,08/03/24 08:00,122.00
vp11VM,0,13/03/24 10:00,08/03/24 08:00,122.00
vp11VM,0,13/03/24 10:00,08/03/24 08:00,122.00
vp11VM,0,13/03/24 10:00,08/03/24 08:00,122.00
vp06VM,1,04:30:00,08/03/24 08:00,20.50
vp06VM,1,04:30:00,08/03/24 08:00,20.50
vp06VM,1,05:20:00,08/03/24 08:00,21.33
vp06VM,1,05:20:00,08/03/24 08:00,21.33
vp06VM,1,05:20:00,08/03/24 08:00,21.33
vp06VM,1,05:20:00,08/03/24 08:00,21.33
vp06VM,1,11:30:00,08/03/24 08:00,27.50
vp06VM,1,11:30:00,08/03/24 08:00,27.50
vp06VM,1,08:00:00,08/03/24 08:00,48.00
vp06VM,1,20:00:00,08/03/24 08:00,84.00
vp06VM,1,12/03/24 06:30,08/03/24 08:00,94.50
vp06VM,1,12/03/24 06:30,08/03/24 08:00,94.50
vp06VM,0,13/03/24 10:00,08/03/24 08:00,122.00
vp06VM,0,13/03/24 10:00,08/03/24 08:00,122.00
vp06VM,0,13/03/24 10:00,08/03/24 08:00,122.00
vp06VM,0,13/03/24 10:00,08/03/24 08:00,122.00
vp06VM,0,13/03/24 10:00,08/03/24 08:00,122.00
vp06VM,0,13/03/24 10:00,08/03/24 08:00,122.00
vp06VM,0,13/03/24 10:00,08/03/24 08:00,122.00
vp06VM,0,13/03/24 10:00,08/03/24 08:00,122.00
vp06VM,0,13/03/24 10:00,08/03/24 08:00,122.00
vp06VM,0,13/03/24 10:00,08/03/24 08:00,122.00
vp06VM,0,13/03/24 10:00,08/03/24 08:00,122.00
vp06VM,0,13/03/24 10:00,08/03/24 08:00,122.00
vp06VM,0,13/03/24 10:00,08/03/24 08:00,122.00
vp06VM,0,13/03/24 10:00,08/03/24 08:00,122.00
vp06VM,0,13/03/24 10:00,08/03/24 08:00,122.00
vp06VM,0,13/03/24 10:00,08/03/24 08:00,122.00
vp06VM,0,13/03/24 10:00,08/03/24 08:00,122.00
vp06VM,0,13/03/24 10:00,08/03/24 08:00,122.00
vp06VM,0,13/03/24 10:00,08/03/24 08:00,122.00
vp06VM,0,13/03/24 10:00,08/03/24 08:00,122.00
vp06VM,0,13/03/24 10:00,08/03/24 08:00,122.00
vp06VM,0,13/03/24 10:00,08/03/24 08:00,122.00
vp06VM,0,13/03/24 10:00,08/03/24 08:00,122.00
vp06VM,0,13/03/24 10:00,08/03/24 08:00,122.00
vp06VM,0,13/03/24 10:00,08/03/24 08:00,122.00
vp06VM,0,13/03/24 10:00,08/03/24 08:00,122.00
vp06VM,0,13/03/24 10:00,08/03/24 08:00,122.00
vp06VM,0,13/03/24 10:00,08/03/24 08:00,122.00
vp06VM,0,13/03/24 10:00,08/03/24 08:00,122.00
vp06VM,0,13/03/24 10:00,08/03/24 08:00,122.00
vp06VM,0,13/03/24 10:00,08/03/24 08:00,122.00
vp06VM,0,13/03/24 10:00,08/03/24 08:00,122.00
vp06VM,0,13/03/24 10:00,08/03/24 08:00,122.00
vp06VM,0,13/03/24 10:00,08/03/24 08:00,122.00
vp06VM,0,13/03/24 10:00,08/03/24 08:00,122.00
vp06VM,0,13/03/24 10:00,08/03/24 08:00,122.00
vp06VM,0,13/03/24 10:00,08/03/24 08:00,122.00
vp06VM,0,13/03/24 10:00,08/03/24 08:00,122.00
vp06VM,0,13/03/24 10:00,08/03/24 08:00,122.00
vp06VM,0,13/03/24 10:00,08/03/24 08:00,122.00
vp06VM,0,13/03/24 10:00,08/03/24 08:00,122.00
vp06VM,0,13/03/24 10:00,08/03/24 08:00,122.00
vp06VM,0,13/03/24 10:00,08/03/24 08:00,122.00
vp06VM,0,13/03/24 10:00,08/03/24 08:00,122.00
vp06VM,0,13/03/24 10:00,08/03/24 08:00,122.00
vp06VM,0,13/03/24 10:00,08/03/24 08:00,122.00
vp06VM,0,13/03/24 10:00,08/03/24 08:00,122.00
vp06VM,0,13/03/24 10:00,08/03/24 08:00,122.00
vp06VM,0,13/03/24 10:00,08/03/24 08:00,122.00
vp06VM,0,13/03/24 10:00,08/03/24 08:00,122.00
vp06VM,0,13/03/24 10:00,08/03/24 08:00,122.00
vp06VM,0,13/03/24 10:00,08/03/24 08:00,122.00
vp06VM,0,13/03/24 10:00,08/03/24 08:00,122.00
vp06VM,0,13/03/24 10:00,08/03/24 08:00,122.00
vp06VM,0,13/03/24 10:00,08/03/24 08:00,122.00
vp06VM,0,13/03/24 10:00,08/03/24 08:00,122.00
vp06VM,0,13/03/24 10:00,08/03/24 08:00,122.00
vp06VM,0,13/03/24 10:00,08/03/24 08:00,122.00
vp06VM,0,13/03/24 10:00,08/03/24 08:00,122.00
vp06VM,0,13/03/24 10:00,08/03/24 08:00,122.00
vp06VM,0,13/03/24 10:00,08/03/24 08:00,122.00
vp06VM,0,13/03/24 10:00,08/03/24 08:00,122.00
vp06VM,0,13/03/24 10:00,08/03/24 08:00,122.00
vp06VM,0,13/03/24 10:00,08/03/24 08:00,122.00
vp06VM,0,13/03/24 10:00,08/03/24 08:00,122.00
vp06VM,0,13/03/24 10:00,08/03/24 08:00,122.00
vp06VM,0,13/03/24 10:00,08/03/24 08:00,122.00
vp06VM,0,13/03/24 10:00,08/03/24 08:00,122.00
vp06VM,0,13/03/24 10:00,08/03/24 08:00,122.00
vp06VM,0,13/03/24 10:00,08/03/24 08:00,122.00
vp06VM,0,13/03/24 10:00,08/03/24 08:00,122.00
vp06VM,0,13/03/24 10:00,08/03/24 08:00,122.00
vp06VM,0,13/03/24 10:00,08/03/24 08:00,122.00
vp06VM,0,13/03/24 10:00,08/03/24 08:00,122.00
vp06VM,0,13/03/24 10:00,08/03/24 08:00,122.00
vp06VM,0,13/03/24 10:00,08/03/24 08:00,122.00
vp06VM,0,13/03/24 10:00,08/03/24 08:00,122.00
vp06VM,0,13/03/24 10:00,08/03/24 08:00,122.00
C-,0,13/03/24 10:00,08/03/24 08:00,122.00
C-,0,13/03/24 10:00,08/03/24 08:00,122.00
C-,0,13/03/24 10:00,08/03/24 08:00,122.00
C-,0,13/03/24 10:00,08/03/24 08:00,122.00
C-,0,13/03/24 10:00,08/03/24 08:00,122.00
C-,0,13/03/24 10:00,08/03/24 08:00,122.00
C-,0,13/03/24 10:00,08/03/24 08:00,122.00
C-,0,13/03/24 10:00,08/03/24 08:00,122.00
C-,0,13/03/24 10:00,08/03/24 08:00,122.00
C-,0,13/03/24 10:00,08/03/24 08:00,122.00
C-,0,13/03/24 10:00,08/03/24 08:00,122.00
C-,0,13/03/24 10:00,08/03/24 08:00,122.00
C-,0,13/03/24 10:00,08/03/24 08:00,122.00
C-,0,13/03/24 10:00,08/03/24 08:00,122.00
C-,0,13/03/24 10:00,08/03/24 08:00,122.00
C-,0,13/03/24 10:00,08/03/24 08:00,122.00
C-,0,13/03/24 10:00,08/03/24 08:00,122.00
C-,0,13/03/24 10:00,08/03/24 08:00,122.00
C-,0,13/03/24 10:00,08/03/24 08:00,122.00
C-,0,13/03/24 10:00,08/03/24 08:00,122.00
C-,0,13/03/24 10:00,08/03/24 08:00,122.00
C-,0,13/03/24 10:00,08/03/24 08:00,122.00
C-,0,13/03/24 10:00,08/03/24 08:00,122.00
C-,0,13/03/24 10:00,08/03/24 08:00,122.00
C-,0,13/03/24 10:00,08/03/24 08:00,122.00
C-,0,13/03/24 10:00,08/03/24 08:00,122.00
C-,0,13/03/24 10:00,08/03/24 08:00,122.00
C-,0,13/03/24 10:00,08/03/24 08:00,122.00
C-,0,13/03/24 10:00,08/03/24 08:00,122.00
C-,0,13/03/24 10:00,08/03/24 08:00,122.00
C-,0,13/03/24 10:00,08/03/24 08:00,122.00
C-,0,13/03/24 10:00,08/03/24 08:00,122.00
C-,0,13/03/24 10:00,08/03/24 08:00,122.00
C-,0,13/03/24 10:00,08/03/24 08:00,122.00
C-,0,13/03/24 10:00,08/03/24 08:00,122.00
C-,0,13/03/24 10:00,08/03/24 08:00,122.00
C-,0,13/03/24 10:00,08/03/24 08:00,122.00
C-,0,13/03/24 10:00,08/03/24 08:00,122.00
C-,0,13/03/24 10:00,08/03/24 08:00,122.00
C-,0,13/03/24 10:00,08/03/24 08:00,122.00
C-,0,13/03/24 10:00,08/03/24 08:00,122.00
C-,0,13/03/24 10:00,08/03/24 08:00,122.00
C-,0,13/03/24 10:00,08/03/24 08:00,122.00
C-,0,13/03/24 10:00,08/03/24 08:00,122.00
C-,0,13/03/24 10:00,08/03/24 08:00,122.00
C-,0,13/03/24 10:00,08/03/24 08:00,122.00
C-,0,13/03/24 10:00,08/03/24 08:00,122.00
C-,0,13/03/24 10:00,08/03/24 08:00,122.00
C-,0,13/03/24 10:00,08/03/24 08:00,122.00
C-,0,13/03/24 10:00,08/03/24 08:00,122.00
C-,0,13/03/24 10:00,08/03/24 08:00,122.00
C-,0,13/03/24 10:00,08/03/24 08:00,122.00
C-,0,13/03/24 10:00,08/03/24 08:00,122.00
C-,0,13/03/24 10:00,08/03/24 08:00,122.00
C-,0,13/03/24 10:00,08/03/24 08:00,122.00
C-,0,13/03/24 10:00,08/03/24 08:00,122.00
C-,0,13/03/24 10:00,08/03/24 08:00,122.00
C-,0,13/03/24 10:00,08/03/24 08:00,122.00
C-,0,13/03/24 10:00,08/03/24 08:00,122.00
C-,0,13/03/24 10:00,08/03/24 08:00,122.00
C-,0,13/03/24 10:00,08/03/24 08:00,122.00
C-,0,13/03/24 10:00,08/03/24 08:00,122.00
C-,0,13/03/24 10:00,08/03/24 08:00,122.00
C-,0,13/03/24 10:00,08/03/24 08:00,122.00
C-,0,13/03/24 10:00,08/03/24 08:00,122.00
C-,0,13/03/24 10:00,08/03/24 08:00,122.00
C-,0,13/03/24 10:00,08/03/24 08:00,122.00
C-,0,13/03/24 10:00,08/03/24 08:00,122.00
C-,0,13/03/24 10:00,08/03/24 08:00,122.00
C-,0,13/03/24 10:00,08/03/24 08:00,122.00
C-,0,13/03/24 10:00,08/03/24 08:00,122.00
C-,0,13/03/24 10:00,08/03/24 08:00,122.00
C-,0,13/03/24 10:00,08/03/24 08:00,122.00
C-,0,13/03/24 10:00,08/03/24 08:00,122.00
C-,0,13/03/24 10:00,08/03/24 08:00,122.00
C-,0,13/03/24 10:00,08/03/24 08:00,122.00
C-,0,13/03/24 10:00,08/03/24 08:00,122.00
C-,0,13/03/24 10:00,08/03/24 08:00,122.00
C-,0,13/03/24 10:00,08/03/24 08:00,122.00
C-,0,13/03/24 10:00,08/03/24 08:00,122.00
C-,0,13/03/24 10:00,08/03/24 08:00,122.00
C-,0,13/03/24 10:00,08/03/24 08:00,122.00
C-,0,13/03/24 10:00,08/03/24 08:00,122.00
C-,0,13/03/24 10:00,08/03/24 08:00,122.00
C-,0,13/03/24 10:00,08/03/24 08:00,122.00
C-,0,13/03/24 10:00,08/03/24 08:00,122.00
C-,0,13/03/24 10:00,08/03/24 08:00,122.00
C-,0,13/03/24 10:00,08/03/24 08:00,122.00
C-,0,13/03/24 10:00,08/03/24 08:00,122.00
C-,0,13/03/24 10:00,08/03/24 08:00,122.00
